year,advisories_full_year,advisories_ytd,cves_full_year,cves_ytd,cves_ytd_excl_mega,critical_pct,high_pct,medium_pct,low_pct,kev_pct_of_cves,vendors
2012,42.0,28,101.0,76,76,2.4,64.3,33.3,0.0,0.0,23
2013,46.0,35,79.0,60,60,2.2,60.9,37.0,0.0,0.0,32
2014,40.0,28,69.0,43,43,0.0,42.5,50.0,5.0,2.9,25
2015,82.0,60,119.0,75,75,17.1,30.5,39.0,13.4,1.7,39
2016,89.0,54,189.0,116,116,13.5,49.4,31.5,5.6,1.1,33
2017,92.0,67,237.0,193,132,30.4,43.5,26.1,0.0,4.6,30
2018,117.0,75,226.0,166,166,24.8,47.0,28.2,0.0,4.9,26
2019,117.0,79,312.0,186,186,27.4,49.6,22.2,0.9,0.3,24
2020,123.0,97,366.0,295,295,33.3,50.4,11.4,4.9,0.3,27
2021,130.0,89,450.0,270,270,26.2,51.5,21.5,0.8,0.4,23
2022,117.0,80,328.0,253,189,23.1,55.6,20.5,0.9,1.5,31
2023,105.0,72,775.0,332,210,30.5,42.9,24.8,1.9,0.4,29
2024,177.0,105,669.0,514,357,20.9,57.6,21.5,0.0,1.0,34
2025,186.0,138,651.0,568,387,29.0,49.5,20.4,1.1,1.4,43
2026,,155,,1143,406,29.0,48.4,21.9,0.6,0.6,49
